date,open,high,low,close,volume,close forecast
2018-02-02,9010.87,9096.79,7625.25,8838.83,44406.01982930896,9150.97368916927
2018-02-03,8838.29,9491.2,8170.71,9225.86,16208.374113420758,8968.213804681924
2018-02-04,9225.31,9350.09,7825.0,8191.0,19110.672460789054,9157.154891355807
2018-02-05,8190.78,8335.56,6600.0,6874.27,46544.42880430831,8247.006905312905
2018-02-06,6878.65,8150.0,5920.72,7737.37,70961.36965825352,7135.93452631904
2018-02-07,7737.26,8649.0,7213.8,7588.01,32640.892537538646,7764.208876498745
2018-02-08,7588.01,8644.36,7565.5,8259.76,22746.391181120118,7647.892975288145
2018-02-09,8259.42,8779.62,7753.32,8693.98,18418.11709042092,8208.03773774701
2018-02-10,8693.98,9090.8,8170.86,8560.0,14670.558702030781,8588.407969139767
2018-02-11,8560.0,8560.0,7820.0,8067.0,12711.785845700437,8509.715664859425
2018-02-12,8077.25,8995.0,8067.0,8899.0,15071.040296840923,8176.0087783070185
2018-02-13,8891.2,8951.89,8360.13,8522.99,11374.524152540156,8829.186309461296
2018-02-14,8504.57,9515.0,8504.57,9490.98,17468.738865930212,8601.877233039639
2018-02-15,9490.98,10234.0,9350.0,10018.0,21036.337317499416,9405.20136805873
2018-02-16,10011.3,10300.0,9707.51,10196.0,11857.642775131031,9883.460642123599
2018-02-17,10203.14,11135.83,10053.5,11101.0,14511.169136760664,10126.485416658175
2018-02-18,11101.0,11300.0,10153.15,10421.06,17623.079431350518,10835.708838032013
2018-02-19,10433.68,11262.48,10307.51,11173.0,11698.256226110181,10432.051361269518
2018-02-20,11159.12,11780.0,11080.37,11233.41,15880.909039800175,11018.081992968459
2018-02-21,11233.42,11275.74,10256.0,10449.4,19959.677156520767,11060.899177879764
2018-02-22,10446.79,10935.0,9731.2,9843.34,20204.69095384104,10448.894882476947
2018-02-23,9843.33,10405.3,9600.0,10166.1,16044.039303330695,9955.984807419045
2018-02-24,10135.2,10540.63,9373.48,9689.99,13972.714723510791,10128.961655399089
2018-02-25,9688.26,9883.41,9260.0,9590.04,11037.176952690352,9727.479167363548
2018-02-26,9595.99,10461.97,9376.34,10324.7,16156.805056181067,9647.015402785957
2018-02-27,10329.99,10850.0,10150.0,10566.3,10408.479937750457,10214.642342293515
2018-02-28,10572.49,11064.75,10255.07,10314.9,10490.749058160172,10412.809975554614
2018-03-01,10314.99,11090.0,10223.41,10903.13,9481.665146110472,10286.720474642087
2018-03-02,10917.37,11175.0,10774.01,11029.99,8329.097900860459,10765.326271788668
2018-03-03,11032.81,11503.24,11022.85,11445.0,7786.26753951002,10916.302729132662
2018-03-04,11445.0,11511.0,11054.91,11463.27,6831.630702790041,11255.087993720197
2018-03-05,11479.68,11688.0,11383.66,11419.24,9933.676233360038,11309.189558643964
2018-03-06,11417.39,11420.01,10560.19,10723.76,14734.419493130694,11256.22918744012
2018-03-07,10723.01,10911.78,9450.0,9913.03,26116.511848031598,10692.770678276149
2018-03-08,9904.52,10150.0,9078.95,9285.32,22522.427469911047,9996.513448465586
2018-03-09,9293.06,9420.39,8366.0,9230.0,29014.16684454025,9422.505620055046
2018-03-10,9228.83,9514.96,8697.0,8791.47,12886.588579260295,9275.813723750129
2018-03-11,8795.04,9768.37,8450.0,9535.04,16407.54237557009,8905.189911008449
2018-03-12,9535.04,9892.0,8742.07,9120.75,18751.020579590248,9434.75921343833
2018-03-13,9115.24,9482.79,8830.0,9142.32,16001.475346390293,9118.650173355953
2018-03-14,9152.07,9356.14,7948.0,8196.69,21191.02313579993,9090.351220759207
2018-03-15,8195.99,8425.0,7682.0,8265.05,18387.611387929708,8330.64563030734
2018-03-16,8265.05,8613.06,7914.08,8258.54,16498.624335309763,8342.546987430509
2018-03-17,8258.54,8356.4,7730.23,7860.83,12048.66889140019,8287.660249954199
2018-03-18,7860.83,8324.92,7325.37,8188.24,19547.36114711022,7956.435632199655
2018-03-19,8205.55,8718.74,8114.17,8596.93,19396.088358831203,8215.229174366923
2018-03-20,8596.79,9051.0,8313.01,8904.02,13454.8222604005,8562.107371942991
2018-03-21,8904.02,9188.1,8754.83,8893.79,12100.99713332048,8835.797445867036
2018-03-22,8892.18,9099.59,8503.52,8704.67,12587.633922291308,8856.836072417838
2018-03-23,8708.52,8920.79,8265.0,8920.79,13749.78486097196,8740.484352495841
2018-03-24,8917.99,9020.0,8505.0,8547.0,9731.98236841007,8904.568910608315
2018-03-25,8541.96,8680.0,8368.63,8453.9,9155.912147780171,8603.781000595347
2018-03-26,8451.12,8500.0,7831.15,8149.66,17693.415339303032,8499.056342580818
2018-03-27,8152.26,8211.62,7742.11,7791.7,12385.25028422165,8213.412398058059
2018-03-28,7791.69,8104.98,7723.03,7932.41,8437.644679710644,7897.871890107782
2018-03-29,7932.41,7968.0,6914.53,7088.38,22138.114132282943,7938.952073196732
2018-03-30,7086.14,7302.35,6550.0,6850.0,29101.44802706583,7209.556469192325
2018-03-31,6839.63,7231.73,6794.26,6928.62,11579.597057181421,6958.755992989491
2018-04-01,6926.5,7045.71,6427.16,6813.52,18046.940873952262,6977.218667406158
2018-04-02,6816.31,7106.5,6759.96,7052.76,13624.160355662141,6867.3239417596
2018-04-03,7052.75,7506.84,7001.28,7416.27,16089.541629032317,7065.8490034913675
2018-04-04,7415.53,7430.0,6710.38,6799.95,15779.202466610075,7351.689756458997
2018-04-05,6799.37,6928.7,6578.95,6771.69,11894.535978070477,6861.155643848087
2018-04-06,6771.3,6850.0,6510.0,6618.33,8478.418068969804,6816.803065793905
2018-04-07,6627.7,7069.13,6600.99,6904.9,7683.041652600153,6691.24894006159
2018-04-08,6904.21,7104.52,6894.8,7027.26,4352.69794201998,6920.922660598537
2018-04-09,7027.26,7175.83,6611.49,6780.1,10103.916216149788,7013.1420410611545
2018-04-10,6782.39,6900.0,6653.21,6835.67,6480.192764180036,6819.5437733838335
2018-04-11,6824.75,6984.92,6809.26,6940.94,5825.410645560036,6864.659739886916
2018-04-12,6940.94,8069.34,6758.45,7923.78,19033.380334400343,6997.783885152344
2018-04-13,7923.78,8239.33,7753.32,7896.92,19605.942750770333,7824.17990636641
2018-04-17,8054.68,8160.85,7806.81,7890.87,9277.151215380289,7859.267381684423
2018-04-18,7890.87,8235.0,7870.35,8172.84,9227.20459808004,7915.017493183187
2018-04-19,8172.83,8297.99,8074.44,8271.31,9436.846327630112,8167.566097391234
2018-04-20,8273.0,8934.0,8216.9,8861.0,16059.622671340068,8252.617399542032
2018-04-21,8865.78,9023.4,8608.0,8920.71,15336.307927430444,8708.482992771944
2018-04-22,8924.93,9036.52,8760.0,8789.96,9346.451759250042,8759.588235167124
2018-04-23,8781.7,9006.39,8771.22,8946.95,10286.117714900072,8697.192365394429
2018-04-24,8942.0,9737.16,8930.0,9648.0,20460.50898304012,8860.241503712747
2018-04-25,9648.36,9755.53,8751.0,8864.99,33035.90404481652,9417.346103724627
2018-04-26,8855.07,9326.79,8647.29,9274.48,20042.969702111077,8864.952440376652
2018-04-27,9277.32,9387.82,8901.09,8921.43,11375.514375470457,9219.220005713272
2018-04-28,8916.54,9442.34,8854.47,9345.11,15558.402301930208,8974.071608271002
2018-04-29,9352.97,9538.75,9180.0,9393.99,10940.718030629956,9304.410292863293
2018-04-30,9396.32,9443.96,9111.0,9242.17,8085.6882945600855,9335.66233252086
2018-05-01,9243.51,9249.99,8815.91,9066.9,12138.263960500215,9228.695477944097
2018-05-02,9066.9,9259.16,8975.23,9222.0,10575.17497792033,9109.525233022603
2018-05-03,9220.0,9799.99,9165.19,9732.43,11670.799578630249,9230.951805359717
2018-05-04,9737.0,9784.73,9527.38,9696.57,7326.052071110266,9602.248046286124
2018-05-05,9689.0,9948.98,9670.68,9823.28,7403.105023520043,9572.500300799238
2018-05-06,9827.04,9918.41,9375.0,9623.54,8155.576856600059,9690.226071394864
2018-05-07,9621.99,9634.5,9175.0,9359.52,13616.348593300034,9576.42676599562
2018-05-08,9356.79,9450.0,9015.0,9167.69,11418.310536510184,9407.955607297146
2018-05-09,9181.52,9368.79,8974.62,9308.49,11368.834325390164,9284.340298269788
2018-05-10,9308.49,9393.0,8987.74,9020.99,11764.977505700224,9377.462005501402
2018-05-11,9007.19,9018.38,8351.0,8411.42,20383.926609919657,9142.38286146562
2018-05-12,8408.79,8652.8,8208.81,8481.6,15464.92940301995,8657.25932165793
2018-05-13,8481.72,8775.9,8335.56,8696.58,9835.224509150185,8680.494403201687
2018-05-14,8696.54,8900.9,8286.57,8674.36,18861.93709627029,8786.488818393052
2018-05-15,8674.53,8865.0,8400.0,8474.99,12391.831986910349,8718.170023339968
2018-05-16,8481.99,8505.33,8100.01,8346.59,12705.123219840618,8540.099439129008
2018-05-17,8337.77,8500.0,7980.0,8067.03,8259.124524420262,8431.450603545669
2018-05-18,8058.16,8275.1,7929.53,8248.87,7181.203883480266,8206.915208221551
2018-05-19,8248.99,8395.0,8141.08,8231.2,3784.075766370003,8329.399965060285
2018-05-20,8225.55,8590.0,8170.71,8518.48,5314.998899790203,8290.134417056885
2018-05-21,8518.64,8589.1,8320.0,8391.76,6126.9710534801925,8489.945199264275
2018-05-22,8403.23,8417.65,7951.41,7984.08,9101.060786930213,8381.443004884062
2018-05-23,7983.98,8032.01,7435.49,7502.89,17635.901293369818,8079.907396688975
2018-05-24,7509.99,7733.99,7267.24,7586.88,11648.365243580249,7717.165067996377
2018-05-25,7579.3,7661.07,7328.13,7471.18,10088.843311210285,7770.019792662025
2018-05-26,7459.21,7622.87,7276.04,7335.99,4043.5576502300673,7641.0166752798
2018-05-27,7335.99,7412.57,7213.09,7347.39,3144.4511090600563,7495.36864242988
2018-05-28,7348.64,7445.0,7084.99,7112.5,6583.632529590195,7464.655308419204
2018-05-29,7112.2,7537.0,7026.9,7469.45,11049.920992870251,7245.395558855052
2018-05-30,7469.45,7559.0,7273.89,7375.73,8940.454005300273,7495.642934284986
2018-05-31,7375.64,7601.23,7330.22,7492.28,7339.007269310208,7396.842575085177
2018-06-01,7492.28,7620.01,7348.45,7511.6,6762.62757270028,7480.076721738015
2018-06-02,7511.72,7700.0,7438.92,7642.0,4012.168755210091,7497.077290753132
2018-06-03,7642.0,7790.69,7581.03,7703.67,4729.210083650096,7607.714619624448
2018-06-04,7712.97,7764.44,7449.68,7488.26,6990.551352700145,7666.666302330708
2018-06-05,7494.99,7685.0,7360.0,7617.98,9968.455089610288,7517.2226244529675
2018-06-06,7617.98,7695.46,7482.61,7658.57,7058.055772319978,7634.099772521587
2018-06-07,7658.99,7750.0,7618.99,7689.28,7545.009250660112,7670.554087550596
2018-06-08,7676.41,7697.0,7542.0,7618.11,4676.558327770006,7697.412231886606
2018-06-09,7618.11,7686.45,7468.31,7492.7,2713.7810451100545,7647.3863011190415
2018-06-10,7498.0,7498.0,6627.7,6781.17,14392.69540615015,7555.370052579793
2018-06-11,6781.17,6919.97,6634.86,6880.61,11409.524232180234,7002.510539674077
2018-06-12,6880.76,6880.76,6461.42,6557.67,8827.599499700216,7068.978462893786
2018-06-13,6557.66,6624.45,6120.0,6307.4,19190.504578579894,6776.481911366162
2018-06-14,6308.49,6708.1,6270.69,6646.1,14185.838211560953,6535.265770201343
2018-06-15,6638.8,6666.66,6370.0,6390.6,7132.2067887101875,6750.452756797816
2018-06-16,6390.6,6557.81,6333.63,6487.92,3553.699726030045,6502.660567779991
2018-06-17,6487.92,6575.35,6429.23,6453.41,2828.756808480027,6543.947942093219
2018-06-18,6451.03,6793.0,6381.25,6707.5,5940.174397500163,6492.72228460005
2018-06-19,6711.3,6841.81,6660.21,6736.52,5443.679796280086,6682.141026942585
2018-06-20,6728.44,6809.26,6558.95,6756.58,5193.76884592011,6702.011265964392
2018-06-21,6756.6,6792.2,6677.85,6718.33,4837.324428320089,6728.483874181317
2018-06-22,6718.33,6737.97,5940.0,6050.45,18544.144054649936,6716.70320502552
2018-06-23,6055.17,6261.0,6048.54,6177.38,4585.871472050113,6206.021923719837
2018-06-24,6169.91,6255.05,5780.0,6153.4,11423.59392896048,6303.2169029689
2018-06-25,6153.6,6365.34,6075.01,6253.61,9689.689307010296,6258.374819294276
2018-06-26,6252.28,6277.0,6025.68,6068.0,7751.622087920156,6310.768335489711
2018-06-27,6073.99,6181.11,5985.0,6135.64,7446.861550740155,6144.043925514158
2018-06-28,6135.64,6165.49,5818.14,5848.33,8878.398572910253,6176.0767263103835
2018-06-29,5845.2,6299.0,5774.72,6204.24,12067.373167670312,5934.7117536268715
2018-06-30,6204.01,6510.0,6190.28,6385.71,6915.088877020259,6200.958921857074
2018-07-01,6385.75,6438.55,6259.34,6349.99,4160.705567210079,6335.3398953561555
2018-07-02,6345.48,6667.57,6270.69,6612.98,8799.802474080288,6310.564346463726
2018-07-03,6605.46,6666.0,6464.39,6507.99,5924.865417060089,6529.516840044059
2018-07-04,6507.99,6792.28,6413.2,6584.25,6706.734006200283,6467.174057043073
2018-07-05,6575.62,6700.0,6445.31,6533.69,7692.215776940255,6552.4103021605415
2018-07-06,6533.69,6636.15,6449.76,6596.53,5457.6721874901295,6536.301926538831
2018-07-07,6604.74,6820.0,6510.0,6759.99,4842.795871120091,6600.776965219061
2018-07-08,6755.46,6783.54,6674.6,6706.6,5145.845756840047,6738.1954321448
2018-07-09,6706.6,6814.72,6620.0,6666.75,7165.217233330258,6706.429358300025
2018-07-10,6666.75,6683.9,6270.84,6299.46,9163.019774920529,6688.095196161509
2018-07-11,6304.45,6400.0,6285.0,6380.0,6370.136801360227,6411.467872702297
2018-07-12,6379.13,6380.0,6072.0,6243.88,7792.466857820442,6472.291464944142
2018-07-13,6243.53,6337.25,6121.01,6215.59,5901.295714520048,6355.988374424691
2018-07-14,6208.78,6317.84,6180.0,6243.98,2584.733962300012,6313.404726609363
2018-07-15,6245.99,6397.21,6227.76,6349.3,3556.293107190035,6315.2388510733035
2018-07-16,6353.25,6755.0,6333.63,6721.04,9404.056476490197,6380.051550770698
2018-07-17,6721.21,7468.31,6657.95,7310.71,12703.296512930825,6656.5008768629095
2018-07-18,7310.71,7599.98,7239.15,7374.88,13347.876375710715,7107.4944725837995
2018-07-19,7384.92,7570.9,7278.84,7471.42,8803.253097490595,7174.978550463869
2018-07-20,7474.35,7696.88,7265.0,7330.84,9379.171432440637,7300.255653419533
2018-07-21,7330.84,7458.0,7212.0,7409.92,4049.8102225300627,7253.2683397465635
2018-07-22,7398.16,7581.03,7336.15,7396.6,5107.978812800086,7369.325946381721
2018-07-23,7393.5,7800.0,7369.86,7719.62,12572.453171310603,7396.915685664034
2018-07-24,7712.46,8496.96,7691.14,8403.83,18707.411564840288,7667.480029756053
2018-07-25,8394.48,8475.0,8049.22,8174.06,10348.068577671216,8200.383579091522
2018-07-26,8174.06,8314.23,7855.97,7926.0,8091.871660490214,8046.031754799944
2018-07-27,7926.0,8274.98,7798.48,8183.05,8701.765878060736,7905.631376137364
2018-07-28,8177.72,8259.0,8051.43,8237.74,2765.680490599997,8141.508891690145
2018-07-29,8231.07,8299.99,8109.74,8216.74,3980.2794075999986,8206.380780746877
2018-07-30,8216.74,8295.0,7853.01,8160.21,11785.892078231223,8210.404410281426
2018-07-31,8162.28,8162.37,7633.67,7725.43,11994.086141561174,8183.393717989588
2018-08-01,7726.85,7761.56,7440.0,7602.01,11406.768437410565,7861.235749332939
2018-08-02,7600.22,7709.98,7455.0,7536.37,5262.236131990414,7767.104245267352
2018-08-03,7535.0,7542.92,7286.41,7416.98,9585.77930917107,7694.983589734598
2018-08-04,7416.98,7494.48,6926.0,7009.99,6831.751390280053,7568.904532886929
2018-08-05,7009.94,7086.8,6888.88,7032.61,6039.135144599974,7218.89947210385
2018-08-06,7028.89,7157.93,6835.06,6936.11,7317.642964550161,7201.834210439626
2018-08-07,6932.18,7155.0,6671.0,6717.68,10039.392963750246,7082.860281689326
2018-08-08,6717.67,6717.68,6121.0,6283.59,14668.568022211006,6872.3209325698
2018-08-09,6283.89,6627.0,6190.01,6543.76,9484.886704960374,6497.068803257438
2018-08-10,6544.98,6584.05,5995.75,6139.99,14096.009888940871,6664.913652732564
2018-08-11,6139.99,6494.13,6000.0,6239.98,6818.375048160078,6302.798891223532
2018-08-12,6240.49,6493.77,6163.44,6310.82,7169.89323056014,6347.205319324602
2018-08-13,6311.99,6544.37,6142.2,6252.63,8896.680837460008,6366.493519901958
2018-08-14,6252.63,6254.02,5880.0,6193.62,14235.270182180157,6296.767500744092
2018-08-15,6194.3,6628.5,6186.02,6272.3,12501.113347810215,6228.6774989207015
2018-08-16,6273.34,6477.57,6208.37,6313.51,7099.261163600084,6285.68431858917
2018-08-17,6314.08,6584.49,6290.64,6580.15,6635.581589980188,6314.879049526117
2018-08-18,6578.13,6615.0,6303.0,6399.28,3496.8023212700646,6522.3610891836415
2018-08-19,6397.37,6545.0,6312.0,6481.99,3138.7113182900316,6388.17611515985
2018-08-20,6481.63,6522.99,6223.9,6260.82,6254.820807840184,6471.637171694021
2018-08-21,6260.83,6513.28,6246.05,6479.27,5655.04172504016,6307.997883058118
2018-08-22,6478.99,6906.81,6250.0,6355.76,11955.650695770191,6483.508043520663
2018-08-23,6355.97,6575.99,6344.8,6525.01,4028.433872470013,6385.620152688148
2018-08-24,6525.99,6721.09,6445.32,6692.94,6374.5425785401185,6518.298044665519
2018-08-25,6692.99,6800.0,6664.25,6732.4,4980.649283310032,6649.9985237535475
2018-08-26,6732.99,6775.34,6558.95,6700.46,3475.7202496000073,6687.1077620837705
2018-08-27,6700.13,6944.47,6641.35,6904.51,5863.688248360082,6673.067649367563
2018-08-28,6911.7,7125.28,6861.17,7080.94,8222.247652350092,6850.046139153423
2018-08-29,7079.46,7124.06,6890.0,7032.96,5730.978926519941,7003.254759061572
2018-08-30,7034.47,7055.97,6792.85,6984.01,6875.261972170026,6985.498805252137
2018-08-31,6984.34,7101.03,6879.0,7017.35,5790.380506380029,6973.586566128388
2018-09-01,7015.78,7300.18,7015.22,7185.01,4590.457241120017,7018.99119620538
2018-09-02,7195.8,7334.5,7130.63,7290.31,3297.6865851900293,7163.946018587597
2018-09-03,7291.94,7340.08,7184.0,7258.99,2829.877072919996,7253.676263947146
2018-09-04,7261.29,7411.85,7231.0,7361.0,4531.147803790016,7240.29158664628
2018-09-05,7353.48,7387.0,6650.0,6679.3,12408.796985510215,7335.7616129451935
2018-09-06,6671.95,6705.59,6253.29,6493.09,14674.023671600393,6812.504663725439
2018-09-07,6488.01,6525.0,6322.0,6400.0,6541.967470879973,6676.03314051209
2018-09-08,6401.01,6465.46,6113.23,6178.31,4284.194843039999,6586.576680726558
2018-09-09,6178.31,6451.51,6094.38,6236.04,4104.313795550041,6374.046662382477
2018-09-10,6238.99,6351.13,6223.9,6301.99,5371.725306720022,6368.968070961616
2018-09-11,6303.99,6405.0,6162.06,6279.99,7076.797259680093,6376.745627047896
2018-09-12,6274.6,6350.0,6192.89,6322.45,4282.159600660034,6325.398908367798
2018-09-13,6326.83,6537.46,6324.37,6485.7,6985.347474740042,6331.049550642502
2018-09-14,6482.95,6587.0,6384.36,6476.51,4598.020983220021,6456.107089850921
2018-09-15,6476.51,6570.1,6466.74,6520.15,1328.8195628899934,6449.883559070874
2018-09-16,6521.49,6524.84,6349.47,6499.98,1098.6280603099983,6495.070618570434
2018-09-17,6499.28,6530.24,6200.0,6254.52,4386.887724820056,6496.181229796534
2018-09-18,6251.49,6390.0,6226.63,6332.34,4196.473148079997,6314.275378044492
2018-09-19,6330.0,6510.0,6100.0,6388.4,7232.083380060086,6380.581652115506
2018-09-20,6388.4,6535.11,6333.63,6492.98,5177.64510387004,6423.0637101240945
2018-09-21,6492.98,6775.34,6483.83,6749.45,8569.985873210126,6497.506798481813
2018-09-22,6748.85,6826.28,6624.79,6710.01,5491.809513850004,6697.177077416053
2018-09-23,6710.01,6774.91,6659.0,6702.22,3248.8049193099937,6670.683417381729
2018-09-24,6703.37,6721.68,6550.96,6581.52,4030.725620010015,6682.189097976566
2018-09-25,6578.7,6579.59,6324.96,6428.99,8206.617004770114,6610.14155974343
2018-09-26,6428.09,6540.0,6379.44,6461.51,4295.9267413400175,6504.374134335838
2018-09-27,6454.32,6736.85,6431.95,6681.62,5664.852112510052,6535.525306348601
2018-09-28,6684.5,6792.28,6525.67,6610.76,7642.049364280075,6701.93851246045
2018-09-29,6609.02,6609.02,6454.0,6579.38,3382.0159221200206,6637.581828710968
2018-09-30,6574.29,6628.06,6510.0,6597.81,2482.6950751299883,6609.499864485441
2018-10-01,6597.79,6638.15,6477.57,6571.2,4796.040131999972,6622.978346073763
2018-10-02,6569.32,6597.0,6447.28,6500.0,4116.133424190013,6603.653460463457
2018-10-03,6500.0,6510.0,6396.34,6456.77,4774.763281740006,6548.615146224962
2018-10-04,6454.81,6604.89,6450.58,6547.56,3832.700489159984,6518.064590230344
2018-10-05,6548.83,6641.35,6510.0,6582.12,3807.2692818100154,6580.582759635648
2018-10-06,6582.11,6595.69,6526.28,6544.08,2022.7807590799885,6606.133528358443
2018-10-07,6547.93,6600.0,6493.92,6577.63,2455.6565908699868,6571.83655387233
2018-10-08,6574.15,6656.63,6541.06,6604.75,4079.044249330001,6594.994351155306
2018-10-09,6604.76,6623.14,6553.13,6588.8,2254.950269590001,6614.753754575427
2018-10-10,6588.72,6589.79,6387.91,6517.55,5177.066759560007,6608.307417749354
2018-10-11,6517.55,6520.43,6055.28,6152.76,9616.23958351009,6554.676706356621
2018-10-12,6152.76,6243.79,6109.79,6185.15,3246.381557200022,6261.623380647306
2018-10-13,6182.03,6219.77,6168.83,6199.69,1954.0468059299994,6277.1805149473885
2018-10-14,6201.23,6349.47,6143.08,6183.0,2525.738200849972,6273.31192025476
2018-10-15,6185.04,6756.0,6149.28,6441.74,16895.88930388021,6242.375836231964
2018-10-16,6438.2,6493.77,6386.4,6461.2,4703.0939062900125,6430.45429786058
2018-10-17,6457.67,6465.39,6407.69,6437.29,2961.263374460013,6435.168472280321
2018-10-18,6440.07,6490.0,6350.0,6396.18,3823.169285029978,6417.446984523438
2018-10-19,6394.23,6412.4,6355.99,6383.46,2290.059011699988,6397.928803008676
2018-10-20,6380.47,6424.16,6363.02,6412.86,1261.9784954899994,6397.4770793503685
2018-10-21,6412.86,6470.0,6401.01,6413.38,1541.011517490009,6425.769098015399
2018-10-22,6412.62,6429.23,6372.53,6406.06,2407.535461800012,6430.452458813668
2018-10-23,6409.39,6421.58,6354.26,6393.41,2851.0055665800523,6432.846835720276
2018-10-24,6396.24,6473.0,6393.0,6411.96,3535.3380882500014,6420.574708023668
2018-10-25,6411.96,6422.73,6361.73,6393.53,3046.603805990015,6433.681249155536
2018-10-26,6393.38,6450.3,6377.81,6406.1,3323.826317820023,6419.7072616674
2018-10-27,6406.1,6420.01,6381.25,6407.66,890.1271568999847,6432.192112375134
2018-10-28,6407.66,6420.0,6383.0,6405.57,839.297664730003,6436.1637677522895
2018-10-29,6404.27,6420.0,6208.37,6266.52,5190.822014990047,6436.1649484075115
2018-10-30,6266.47,6289.0,6240.0,6269.46,2523.577429359968,6327.894069270788
2018-10-31,6269.45,6350.0,6199.25,6303.27,5148.082623520034,6327.675980522902
2018-11-01,6304.5,6365.33,6288.01,6340.99,2190.9704768599922,6348.920752775345
2018-11-02,6343.85,6381.25,6328.33,6350.43,2678.069480969992,6368.302080635388
2018-11-03,6350.05,6351.74,6312.48,6335.0,1084.1386195299976,6376.000861163817
2018-11-04,6333.59,6475.0,6310.57,6421.76,2673.813913990008,6362.315322017736
2018-11-05,6428.23,6441.43,6369.89,6403.2,2335.488654750005,6433.755751755586
2018-11-06,6404.97,6460.01,6378.24,6447.5,4270.334600110011,6421.448352481491
2018-11-07,6448.17,6544.0,6442.47,6501.0,4800.824912730031,6460.49095216425
2018-11-08,6501.0,6511.27,6388.88,6405.49,3966.973031810046,6510.8193068648925
2018-11-09,6405.49,6418.18,6307.0,6325.0,3218.129026069988,6445.99612833299
2018-11-10,6325.0,6377.26,6323.0,6349.32,1523.3938499599922,6388.716497724786
2018-11-11,6349.39,6365.0,6269.46,6357.54,1718.2685556700048,6413.77461781797
2018-11-12,6352.57,6388.21,6298.5,6318.0,3526.0390323900097,6417.925854729375
2018-11-13,6318.01,6328.36,6244.35,6260.91,3630.562721239986,6381.009363167675
2018-11-14,6255.86,6298.47,5324.0,5595.91,25121.933013559403,6336.842582597393
2018-11-15,5592.23,5641.0,5199.8,5585.0,19945.908281610282,5817.544268803629
2018-11-16,5571.12,5610.0,5411.74,5508.71,8074.605575800054,5772.268145651739
2018-11-17,5514.62,5550.66,5452.63,5503.36,2732.7916287100265,5668.235990516322
2018-11-18,5503.36,5658.47,5500.0,5559.26,2576.4553201000153,5624.8047806773575
2018-11-19,5553.01,5559.69,4694.44,4735.44,28910.6655333094,5632.608502115777
2018-11-20,4732.92,4897.36,4048.58,4352.0,39775.3894392789,4958.765716024606
2018-11-21,4349.41,4635.0,4242.33,4538.01,20678.25000595997,4612.026838619995
2018-11-22,4551.47,4589.53,4194.98,4275.23,10258.461728930071,4690.892187893198
2018-11-23,4268.4,4364.46,4061.02,4288.26,13322.777368219957,4411.929556452783
2018-11-24,4288.25,4376.88,3638.48,3785.65,14236.744174370246,4359.732292686956
2018-11-25,3780.67,4120.0,3474.73,3938.89,26969.94763424018,3922.1512634164483
2018-11-26,3934.22,4069.59,3522.28,3727.34,24357.88293934027,3973.3525042434726
2018-11-27,3727.34,3834.35,3548.76,3771.01,16814.002965650223,3802.4691125813706
2018-11-28,3771.01,4355.08,3771.0,4220.16,22983.713488379926,3767.0614946081105
2018-11-29,4219.77,4409.77,4086.97,4249.8,15944.012626280315,4113.190498217068
2018-11-30,4250.0,4300.0,3861.0,3971.06,14364.62144791032,4132.747685563332
2018-12-01,3970.56,4264.47,3904.34,4140.39,6412.232537430056,3918.581570818803
2018-12-02,4140.4,4265.0,4030.0,4102.05,7019.162058250027,4038.357095735831
2018-12-03,4099.63,4115.15,3747.0,3834.34,10726.677304600407,4025.1001969956606
2018-12-04,3830.81,4033.98,3730.0,3903.52,12249.936887900049,3831.3424107208107
2018-12-05,3903.52,3913.62,3662.35,3696.69,13443.2207262104,3865.924690469028
2018-12-06,3694.03,3844.79,3415.22,3437.26,15480.96697218038,3733.512642619699
2018-12-07,3437.22,3531.0,3210.0,3380.68,26513.231624900258,3481.3414759261705
2018-12-08,3376.27,3495.99,3241.0,3398.8,10176.349274330116,3405.450694204403
2018-12-09,3398.8,3633.2,3371.09,3529.75,8011.022951770115,3391.339229256422
2018-12-10,3528.68,3588.43,3355.0,3408.0,10375.26877055017,3484.5170708458827
2018-12-11,3406.41,3427.27,3292.65,3353.42,8951.710708280129,3393.1078086749035
2018-12-12,3345.01,3490.0,3325.7,3430.18,7284.103781960196,3312.161700328766
2018-12-13,3430.2,3441.13,3221.14,3262.73,11715.019083119962,3356.8643129584652
2018-12-14,3263.55,3294.81,3135.55,3195.75,14437.50526663996,3215.399435072086
2018-12-15,3194.04,3230.0,3122.28,3179.54,5814.868532409978,3131.3214287940414
2018-12-16,3180.84,3259.43,3178.23,3193.78,6033.507146330019,3118.4182262693475
2018-12-17,3191.41,3590.0,3181.26,3496.73,16389.794449030316,3133.8356625662072
2018-12-18,3499.37,3684.0,3422.77,3667.16,13792.364275919776,3389.460784772743
2018-12-19,3667.16,3924.01,3642.69,3684.5,21125.614375411747,3547.7629029318778
2018-12-20,3684.03,4172.07,3656.75,4073.77,25986.852916009942,3555.5074048317088
2018-12-21,4073.58,4162.0,3770.0,3841.08,16967.234605060938,3906.5983693258045
2018-12-22,3842.59,4010.16,3780.09,3980.9,7697.598152030054,3780.502313058583
2018-12-23,3977.65,4051.0,3900.0,3943.83,4609.892617260025,3895.713811476683
2018-12-24,3947.82,4236.84,3944.84,4036.0,12017.917130920296,3905.9996793818527
2018-12-25,4034.54,4049.23,3674.73,3779.99,11801.434418409995,3976.402097170918
2018-12-26,3780.0,3863.34,3678.8,3810.01,10064.182823479898,3826.7704055784056
2018-12-27,3810.01,3841.17,3566.0,3591.69,11850.012381899922,3831.9359975802327
2018-12-28,3590.26,3970.0,3575.0,3884.97,13055.718406890019,3674.881972625525
2018-12-29,3884.66,3961.85,3702.51,3725.48,6901.382331800055,3858.9561084621146
2018-12-30,3728.96,3870.0,3688.76,3835.79,5736.4537081800145,3732.2241927137206
2018-12-31,3831.03,3842.89,3630.0,3693.3,6667.1637374300435,3807.550234624498
2019-01-01,3693.85,3845.46,3629.66,3823.44,5149.606277289984,3703.637279680309
2019-01-02,3825.41,3918.67,3770.0,3885.87,5534.469514530036,3795.498727413541
2019-01-03,3890.27,3893.4,3760.0,3787.81,4803.246109200039,3867.2716050108174
2019-01-04,3785.64,3850.33,3732.38,3817.71,7452.058943560027,3804.9230944710976
2019-01-05,3822.0,3887.09,3780.0,3791.84,3656.3753143900067,3886.2224839152677
2019-01-06,3795.38,4090.0,3753.0,4040.71,5400.714864070056,3828.2083849685637
2019-01-07,4040.71,4070.0,3964.01,4005.45,7445.09600426004,4002.2433476298274
2019-01-08,4005.0,4112.0,3934.73,3994.9,11819.986769660112,4003.9682321612636
2019-01-09,3994.75,4060.0,3948.44,4002.13,7390.133992030052,4004.2292913725887
2019-01-10,4003.09,4036.22,3503.44,3627.51,16118.420882480357,4030.1543023596305
2019-01-11,3627.65,3704.6,3569.85,3632.02,10571.081642630035,3736.4620351922254
2019-01-12,3631.0,3650.35,3557.09,3617.13,3184.3521941400013,3661.3031774226483
2019-01-13,3617.75,3654.02,3476.0,3515.95,5908.522804540008,3655.748661219549
2019-01-14,3517.03,3714.0,3506.0,3664.28,9925.990721650085,3554.5045893641955
2019-01-15,3664.28,3687.02,3534.68,3576.93,8059.8173776999865,3626.502701157931
2019-01-16,3576.92,3669.0,3570.48,3605.91,7675.066063710044,3597.6218352775477
2019-01-17,3609.5,3660.0,3534.25,3638.01,7499.525529710006,3594.7233774106426
2019-01-18,3638.01,3641.9,3577.0,3609.21,5023.510290800118,3631.7376857527406
2019-01-19,3609.29,3774.0,3602.6,3681.0,4080.883464129996,3610.9515277153855
2019-01-20,3680.0,3703.27,3470.0,3536.72,5591.0158342200475,3676.045849648374
2019-01-21,3537.42,3573.29,3485.58,3531.51,5821.89983137,3583.9789639355804
2019-01-22,3531.51,3615.8,3401.36,3576.81,6877.063675500041,3561.315446897544
2019-01-23,3574.44,3620.23,3518.0,3552.32,6170.842672240064,3580.1948087453216
2019-01-24,3553.2,3598.0,3524.0,3570.73,4488.0146380100205,3585.42351525768
2019-01-25,3570.67,3578.79,3511.0,3560.0,4961.795122990022,3613.7965034495555
2019-01-26,3560.94,3657.89,3536.51,3555.56,2697.8838793499967,3594.184984960907
2019-01-27,3555.31,3564.12,3456.0,3533.23,3852.659640899991,3614.052802576137
2019-01-28,3532.23,3536.77,3357.3,3429.5,10345.10091040014,3588.259205484069
2019-01-29,3431.43,3438.76,3322.19,3390.5,7284.386862660046,3491.6682940323813
2019-01-30,3391.25,3465.05,3372.34,3437.35,5704.02340185999,3388.502197669001
2019-01-30,3391.25,3465.05,3372.34,3437.35,5704.02340185999,3425.6601622721328
2019-01-31,3438.0,3474.2,3392.6,3413.11,5951.818169800024,3376.44265296071
2019-02-01,3413.69,3460.0,3364.53,3434.83,6659.847524950063,3363.169556153563
2019-02-02,3434.83,3485.0,3406.38,3462.82,3051.9586076799937,3409.820780408233
2019-02-03,3470.5,3476.33,3384.67,3414.82,2813.8922244199907,3423.3428553418157
2019-02-04,3413.75,3439.46,3394.85,3410.87,3244.084978980005,3368.181811146521
2019-02-05,3409.81,3435.0,3396.0,3431.39,4045.6253016400096,3409.0459324930366
2019-02-06,3431.81,3445.6,3328.7,3364.62,6137.4063981700365,3391.553573857973
2019-02-07,3364.0,3383.29,3350.0,3359.33,4293.555814099996,3296.0691566489386
2019-02-08,3358.39,3711.04,3337.91,3622.94,14388.64754224007,3314.753875378061
2019-02-09,3626.12,3639.74,3589.52,3622.62,4054.504616950001,3611.654889711823
2019-02-10,3622.74,3662.43,3576.16,3650.37,4155.505682730012,3637.3603552853633
2019-02-11,3651.32,3652.56,3578.7,3588.7,7931.4088740699535,3661.51445352762
2019-02-12,3588.99,3619.93,3548.28,3585.94,10074.816705319838,3649.008052376355
2019-02-13,3585.7,3629.81,3541.0,3574.93,7992.743211340006,3625.100668018077
2019-02-14,3575.01,3590.74,3531.01,3560.46,5910.243128759973,3658.7907723574326
2019-02-15,3560.45,3620.53,3544.88,3566.29,6234.768057260019,3649.650720958607
2019-02-16,3566.29,3609.0,3561.96,3579.92,3442.476303930007,3635.3440880470494
2019-02-17,3580.43,3663.34,3553.98,3625.6,5012.461275379992,3643.9693530336885
2019-02-17,3580.43,3663.34,3553.98,3625.6,5012.461275379992,3669.5070661779155
2019-02-18,3625.6,3916.47,3614.82,3869.8,15567.084854289846,3658.6574816658344
2019-02-19,3870.97,4000.0,3840.08,3888.46,12525.136510130242,3929.8832852008773
2019-02-20,3889.92,3967.52,3861.49,3936.53,9854.354938530016,3964.1598654038226
2019-02-21,3936.8,3989.99,3866.25,3900.4,8055.798928170041,4001.84013676612
2019-02-22,3900.64,3957.0,3882.59,3939.82,6593.859934009936,3988.329121796868
2019-02-23,3939.83,4157.87,3905.63,4113.53,7966.317210860147,4032.6458369295324
2019-02-24,4113.56,4190.0,3714.42,3730.68,13737.01398845028,4178.849898307608
2019-02-25,3733.78,3861.81,3732.6,3820.71,8835.362249210135,3911.5117308059384
2019-02-26,3817.93,3830.0,3760.09,3795.06,6543.164537220015,3912.025851527437
2019-02-27,3794.42,3822.85,3658.19,3798.47,7602.299844720016,3861.393485463544
2019-02-28,3796.49,3897.62,3755.0,3791.36,6747.880271660052,3853.160220115438
2019-03-01,3791.02,3845.3,3789.5,3807.05,4761.41015902002,3842.478569301097
2019-03-02,3805.0,3818.75,3760.0,3810.46,3259.7431248499884,3862.032883796637
2019-03-03,3810.47,3822.39,3756.0,3789.52,2508.086490719997,3860.083632003031
2019-03-04,3789.7,3806.9,3670.0,3698.66,7293.719628390006,3853.690114192551
2019-03-05,3698.65,3877.1,3690.0,3844.07,7280.823975510084,3751.508459593904
2019-03-06,3844.07,3895.12,3808.8,3851.55,6402.675074930039,3860.002514103931
2019-03-07,3851.26,3891.04,3826.13,3856.64,7964.508253709983,3893.5546342570924
2019-03-08,3856.78,3924.37,3760.1,3844.64,7707.39667049004,3943.194934032506
2019-03-09,3841.27,3950.25,3835.66,3916.43,5125.898303830029,3931.978473138613
2019-03-10,3916.42,3916.43,3862.0,3897.92,3000.606718550003,3992.903786014987
2019-03-11,3898.14,3912.89,3812.64,3849.25,6612.115161250105,3983.5459535290483
2019-03-12,3848.86,3877.69,3791.07,3859.74,5794.6147342800705,3951.658910848889
2019-03-13,3861.37,3874.68,3820.0,3848.48,4275.5400002500055,3959.487668254096
2019-03-14,3848.1,3903.98,3775.01,3854.77,5167.5661760900375,3944.5713820772075
2019-03-15,3857.33,3912.06,3843.09,3901.21,6411.9833275101855,3950.4655319883423
2019-03-16,3899.19,4040.0,3899.12,3990.0,6959.477883390047,3985.7018578507486
2019-03-17,3990.0,3992.42,3927.28,3965.5,2711.950167960006,4054.108223125385
2019-03-18,3965.63,4016.63,3929.83,3969.59,5420.230378010002,4051.732063662671
2019-03-19,3969.94,4012.63,3947.15,3998.13,5317.450555240022,4054.5944408972737
2019-03-20,3999.5,4050.0,3962.6,4031.59,6244.953701820025,4080.724245430595
2019-03-21,4033.7,4055.35,3919.63,3974.21,7561.75989694,4108.303982063379
2019-03-22,3974.5,4000.81,3958.94,3982.07,3453.3689282099876,4085.2780980368643
2019-03-23,3980.4,4001.17,3957.11,3982.52,2259.564526099997,4076.9294586455135
2019-03-24,3979.19,3980.97,3942.04,3969.99,2204.065609409995,4060.9732785735296
2019-03-25,3970.23,3980.22,3850.45,3910.51,6913.367097210047,4032.7532265975933
2019-03-26,3910.0,3936.36,3879.5,3922.58,4315.604877080011,3990.5180381755454
2019-03-27,3922.58,4037.11,3912.19,4025.5,8151.675048880053,3986.649539374967
2019-03-28,4025.5,4025.56,3992.6,4012.23,3927.546821569999,4068.460622468859
2019-03-29,4011.0,4102.57,4005.0,4090.0,8391.034624140055,4075.5609784939234
2019-03-30,4090.0,4130.36,4040.0,4094.92,3923.13646639998,4142.577607689173
2019-03-31,4094.92,4101.7,4074.29,4096.08,2402.588205409991,4170.897409909475
2019-04-01,4092.02,4150.0,4052.56,4136.32,7232.987312010092,4175.43690621408
2019-04-02,4133.93,5080.0,4130.64,4899.63,30686.173514419712,4225.380060397022
2019-04-03,4899.01,5345.0,4800.5,4978.23,29321.272684050382,4823.901626320329
2019-04-04,4972.83,5077.35,4778.59,4907.94,15898.115148080122,4947.530966558709
2019-04-05,4911.14,5067.62,4883.83,5039.73,13023.746516100158,4919.960669947101
2019-04-06,5041.0,5240.0,4900.0,5041.39,10049.844788290087,5052.30687422896
2019-04-07,5041.92,5253.49,5028.3,5190.85,10872.519356160086,5090.998120652271
2019-04-08,5192.92,5347.37,5127.68,5287.88,13344.981514870122,5233.228674558435
2019-04-09,5287.97,5288.95,5136.01,5192.6,9410.35350033013,5321.806074613361
2019-04-10,5184.03,5466.06,5161.0,5323.47,10723.93474695999,5261.64923438025
2019-04-11,5323.47,5344.31,4966.87,5040.2,15052.956063330816,5368.409080092391
2019-04-12,5037.82,5122.48,4912.0,5076.35,8057.038476840056,5157.388781571234
2019-04-13,5075.74,5122.01,5033.73,5063.63,4520.437029710008,5140.686191268913
2019-04-14,5064.0,5185.26,5012.73,5162.72,3443.447283160013,5156.475086373074
2019-04-15,5160.54,5192.01,4948.57,5027.31,7423.013758580004,5210.505413800238
2019-04-16,5027.33,5231.96,5014.77,5202.43,7675.404120150067,5116.840437547083
2019-04-17,5201.47,5275.07,5170.01,5233.72,6741.077209860025,5234.590173445488
2019-04-18,5227.6,5325.0,5218.23,5281.58,6375.895687140002,5280.84628762975
2019-04-19,5283.0,5357.96,5180.37,5289.91,5285.606370170004,5330.725283775367
2019-04-20,5289.91,5362.97,5253.82,5318.89,3665.569621080013,5341.934911643767
2019-04-21,5318.94,5346.91,5212.8,5295.65,4631.039167519898,5374.410982122371
2019-04-22,5295.96,5439.12,5249.0,5386.8,7127.111867789977,5362.412095716205
2019-04-23,5388.22,5627.0,5363.24,5531.32,10132.403171539987,5436.499133170974
2019-04-24,5531.29,5623.3,5372.0,5440.95,10521.037631269985,5567.239504657837
2019-04-25,5440.95,5510.0,4991.42,5132.55,9893.935908640417,5503.987040902118
2019-04-26,5132.5,5291.48,5046.31,5155.19,15033.101779300156,5254.259242519039
2019-04-27,5154.11,5218.31,5113.0,5168.91,4041.3335534100092,5231.417319288655
2019-04-28,5171.51,5213.23,5099.0,5160.98,3957.2543563699946,5231.371250914896
2019-04-29,5152.98,5191.96,5071.58,5149.11,5753.615137140507,5211.479765119288
2019-04-30,5150.21,5287.4,5127.05,5269.0,5055.272835700434,5198.163774006457
2019-05-01,5267.86,5357.96,5263.03,5318.42,4209.284413530244,5289.993466984655
2019-05-02,5322.28,5422.94,5304.99,5385.0,5908.521723250435,5347.127695485062
2019-05-03,5385.0,5796.56,5363.1,5658.22,12700.588992570827,5406.804520293469
2019-05-04,5659.82,5846.13,5510.0,5764.65,8525.455707550815,5653.503905841889
2019-05-05,5766.46,5782.55,5624.25,5709.32,5162.561829880443,5765.990532227379
2019-05-06,5714.4,5755.79,5562.44,5685.46,6826.980875330572,5748.306917068441
2019-05-07,5686.88,5970.0,5686.88,5751.54,10741.561860690883,5732.896979028417
2019-05-08,5751.54,5986.0,5658.66,5940.89,6320.413545400628,5809.691774707745
2019-05-09,5945.32,6172.0,5932.83,6156.7,9081.240778070818,5960.426694603119
2019-05-10,6151.66,6426.8,6105.0,6342.84,13821.71360689112,6154.4568208676965
2019-05-11,6338.93,7445.0,6338.93,7217.47,22331.43531269039,6329.101140538397
2019-05-12,7214.4,7585.0,6762.57,6974.35,27398.214364030868,7066.298584755587
2019-05-13,6968.84,8167.5,6863.75,7810.05,27299.34473922949,6941.003941211554
2019-05-14,7810.72,8335.56,7618.99,7986.0,18881.44115957086,7663.066144223462
2019-05-15,7991.72,8300.0,7838.0,8208.69,16613.071234580835,7882.488531869012
2019-05-16,8203.97,8390.95,7654.93,7880.0,17078.703759600718,8129.677004425555
2019-05-17,7879.28,7942.09,6178.0,7351.71,27307.579699691592,7925.137010232905
2019-05-18,7352.39,7493.85,7205.57,7260.12,7564.899689880089,7510.148838324269
2019-05-19,7257.82,8299.99,7247.86,8200.0,15595.267451650445,7411.943663853316
2019-05-20,8193.45,8199.97,7581.03,8005.64,13426.787508890413,8133.7020620486055
2019-05-21,8007.67,8117.48,7676.27,7955.16,7518.555676900229,8001.832331111839
2019-05-22,7949.18,8049.22,7505.69,7624.95,8396.822036970354,7972.603588993463
2019-05-23,7622.9,7980.0,7468.31,7880.22,8370.3562531802,7717.443485509308
2019-05-24,7880.4,8188.87,7795.95,7999.02,9358.971812110243,7908.980168206337
2019-05-25,7999.02,8158.45,7939.76,8064.64,3361.653251239978,8006.528023507136
2019-05-26,8066.15,8802.29,7888.91,8733.26,8526.811644470308,8073.620600565128
2019-05-27,8733.27,8939.18,8653.68,8770.73,8948.024673760365,8618.03619092554
2019-05-28,8774.45,8817.41,8540.94,8717.96,6144.011245710195,8696.287257778189
2019-05-29,8715.35,8762.39,8421.12,8663.41,7584.257858940189,8696.82206001729
2019-05-30,8663.07,9096.79,8000.0,8277.76,15259.58792555072,8683.414490092146
2019-05-31,8277.76,8589.99,8109.74,8547.2,9957.91006545035,8390.981392348916
2019-06-01,8545.8,8624.72,8457.33,8556.27,5167.051307060049,8579.215888531857
2019-06-02,8560.1,8833.97,8546.01,8734.49,4263.036165300039,8580.549711850661
2019-06-03,8735.84,8745.96,8049.22,8103.64,9955.032618940317,8719.727587341378
2019-06-04,8103.63,8103.63,7432.84,7665.53,15485.702150210136,8225.514703302571
2019-06-05,7673.41,7924.48,7570.9,7785.94,9193.711887640226,7832.69100492908
2019-06-06,7784.62,7878.62,7449.68,7806.07,8738.66635896016,7882.114034835571
2019-06-07,7801.97,8134.99,7758.93,8001.25,9012.096159450224,7864.119913269545
2019-06-08,8002.68,8061.12,7777.67,7932.27,4870.115567410076,8002.874682437201
2019-06-09,7933.17,7966.58,7511.41,7632.99,3895.8481053799865,7953.57502393506
2019-06-10,7629.98,8090.0,7523.16,8021.1,7150.5942975502,7713.498349494537
2019-06-11,8017.99,8057.32,7713.34,7919.1,5552.688037710158,8006.1426667216
2019-06-12,7915.7,8266.0,7821.73,8176.27,8577.16249687014,7941.909273847216
2019-06-13,8171.12,8335.56,8049.22,8238.0,7237.8003909501,8155.065246802448
2019-06-14,8235.44,8737.37,8174.92,8697.54,8678.25030630025,8224.85642789493
2019-06-15,8694.74,8911.98,8623.52,8857.19,5275.753069100064,8612.675416538954
2019-06-16,8857.19,9391.85,8805.0,8974.19,15018.853356130105,8786.143888070816
2019-06-17,8973.02,9477.7,8973.02,9333.48,12760.960697460263,8925.206618303917
2019-06-18,9333.48,9361.87,8918.0,9078.84,11327.453942980183,9248.934914871701
2019-06-19,9076.51,9325.85,9036.19,9278.27,4687.259843050051,9094.522610678396
2019-06-20,9280.17,9600.0,9211.08,9534.99,7870.3158393801705,9266.325970139082
2019-06-21,9534.99,10229.49,9534.97,10222.12,12553.099634240503,9483.48694595844
2019-06-22,10222.13,11200.0,10085.5,10661.3,13709.300322220839,10038.144007779152
2019-06-23,10665.66,11247.62,10483.33,10831.95,7270.645811600268,10427.32909505878
2019-06-24,10827.23,11099.0,10551.51,11029.63,8247.393810980238,10633.082904041134
2019-06-25,11030.0,11796.37,11000.02,11751.01,12133.571758670496,10847.332939864795
2019-06-26,11760.0,13880.0,11647.07,12920.54,37487.8024257894,11501.60357100792
2019-06-27,12927.44,13355.61,10300.0,11153.74,36106.96055322745,12491.052803802879
2019-06-28,11153.73,12447.46,10739.1,12354.43,18718.1015877204,11246.136809487605
2019-06-29,12354.45,12386.76,11317.03,11858.62,12265.997360520578,12095.176338072346
2019-06-30,11867.35,12200.06,10651.3,10760.1,12642.617722770676,11772.67229989099
2019-07-01,10759.24,11200.41,9950.0,10577.43,22917.437104040517,10906.91459018628
2019-07-02,10581.78,10942.63,9614.08,10828.9,20285.24655295053,10686.04450994448
2019-07-03,10830.1,12009.0,10830.1,11967.43,19389.854757670564,10795.414945511366
2019-07-04,11970.0,12061.04,11052.74,11146.34,11185.294203760825,11658.216541851158
2019-07-05,11144.82,11440.0,10769.15,10997.84,11893.43794970046,11041.708877356577
2019-07-06,10996.82,11735.0,10982.89,11240.0,7892.1786681201265,10931.24517840532
2019-07-07,11233.21,11627.0,11083.76,11469.96,6683.05546715007,11107.487592502715
2019-07-08,11478.43,12398.0,11332.19,12286.14,11901.900894620301,11281.90832827119
2019-07-09,12299.94,12883.48,12030.43,12567.23,15115.552383900784,11968.577007738873
2019-07-10,12574.88,13200.0,11550.0,12098.95,19838.3899489704,12276.184159067612
2019-07-11,12101.44,12104.97,10966.81,11349.24,18468.686000430604,11982.997803453207
2019-07-12,11352.74,11942.39,11083.52,11808.91,9176.679429930413,11368.66951878057
2019-07-13,11811.08,11846.61,10810.0,11378.79,9391.353414350291,11677.417684212065
2019-07-14,11382.03,11467.3,10090.0,10191.87,12170.408237630425,11333.819053726846
2019-07-15,10191.87,11080.37,9855.0,10850.0,16048.0271840603,10400.122841613713
2019-07-16,10848.27,11042.11,9366.0,9412.81,20761.0274800108,10824.036621464747
2019-07-17,9427.45,9993.0,9049.54,9699.35,16992.78525932088,9650.200747185612
2019-07-18,9712.15,10797.0,9280.33,10648.6,18289.542175850616,9783.95322163737
2019-07-19,10638.44,10776.99,10102.58,10535.43,13787.456467180322,10448.012046963522
2019-07-20,10533.71,11120.0,10359.17,10750.11,9964.673882820092,10386.908214254629
2019-07-21,10757.15,10839.09,10325.0,10600.24,5628.161766640063,10584.61016587132
2019-07-22,10605.03,10686.89,10052.25,10328.83,9371.306442310175,10506.151363466786
2019-07-23,10315.87,10327.33,9801.88,9847.02,9040.84882621012,10322.391972419471
2019-07-24,9841.42,9911.5,9514.96,9763.67,9433.345200170132,9945.310189145126
2019-07-25,9781.52,10187.0,9734.19,9883.96,6377.957517850045,9851.11915764027
2019-07-26,9886.08,9897.46,9650.0,9846.94,5570.109147460068,9892.690953938152
2019-07-27,9846.94,10235.0,9299.0,9481.37,9614.102075190107,9846.297000907325
2019-07-28,9467.84,9634.5,9111.0,9533.19,3860.834816900032,9532.677194132382
2019-07-29,9538.73,9725.17,9360.0,9495.39,5068.654309300063,9564.105973238464
2019-07-30,9508.21,9775.0,9373.48,9593.62,5533.971185290058,9515.224411695413
2019-07-31,9592.26,10143.2,9574.09,10085.34,7917.508477200074,9580.078195700207
2019-08-01,10096.01,10499.0,9878.09,10407.71,7681.73235986015,9959.375325703506
2019-08-02,10416.79,10670.0,10318.47,10529.51,9286.861727410087,10234.088676281182
2019-08-03,10529.51,10919.0,10502.8,10821.52,6996.117228180117,10375.318141499309
2019-08-04,10812.58,11085.99,10564.96,10986.96,7556.32923024012,10641.927175939498
2019-08-05,10986.55,11959.36,10986.55,11800.0,17260.455773320256,10816.041388388287
2019-08-06,11800.0,12325.0,11200.0,11470.0,16420.579163539842,11474.491021942173
2019-08-07,11471.58,12145.42,11388.01,11971.57,15480.455242489643,11293.030684693746
2019-08-08,11973.46,12061.1,11450.93,11983.43,10144.462108840104,11701.765076835763
2019-08-09,11985.6,12040.0,11650.0,11859.32,7336.914849050093,11771.160660025307
2019-08-10,11859.32,11976.68,11200.0,11273.2,7447.248341240092,11700.049199169684
2019-08-11,11273.03,11589.73,11080.37,11528.73,4361.3906918200455,11269.86894523774
2019-08-12,11527.44,11551.57,11194.04,11385.11,3417.709356640005,11426.387325749973
2019-08-13,11380.61,11446.94,10738.58,10862.28,9003.178886340193,11298.23350185746
2019-08-14,10862.25,10862.25,9888.57,10022.99,12678.94119470009,10884.97142201574
2019-08-15,10022.5,10444.66,9467.57,10301.44,15083.173263320083,10217.920127262929
2019-08-16,10294.9,10540.0,9736.96,10354.34,11080.399661310075,10348.470119420595
2019-08-17,10351.18,10472.93,9974.51,10210.89,3907.528398490015,10322.940081655463
2019-08-18,10221.94,10515.0,10065.41,10318.99,3398.419866710023,10198.704406853878
2019-08-19,10318.99,10940.0,10267.56,10927.3,8044.021348280197,10273.858421172372
2019-08-20,10927.3,10955.48,10549.74,10772.22,5883.5999527502845,10724.282074744562
2019-08-21,10778.75,10807.54,9853.45,10134.75,9812.62171129044,10642.24496888454
2019-08-22,10123.56,10238.29,9755.53,10112.01,6710.306647880084,10206.064284467979
2019-08-23,10112.45,10479.0,10051.0,10401.6,5557.291443419993,10179.034497321456
2019-08-24,10401.87,10432.0,9885.48,10149.7,5106.5567368697775,10349.0247298891
2019-08-25,10149.38,10355.89,9907.86,10136.75,3953.3952811701124,10145.347494402555
2019-08-26,10136.75,10650.0,10136.75,10360.97,7166.675340849361,10122.877123883067
2019-08-27,10355.11,10375.53,10019.1,10167.29,4781.33502179999,10281.22907054604
2019-08-28,10171.39,10280.71,9555.0,9711.78,9303.155919060026,10142.988513907552
2019-08-29,9720.2,9720.2,9320.0,9490.0,7717.10637568005,9782.502368301433
2019-08-30,9490.56,9700.0,9350.1,9579.75,5317.309700100066,9588.345589953937
2019-08-31,9569.3,9682.73,9443.19,9594.15,1572.15542709,9617.99365796362
2019-09-01,9593.5,9832.0,9538.75,9767.53,1799.3672012100033,9607.091257052536
2019-09-02,9767.56,10471.0,9753.24,10384.48,6144.798835149923,9725.678651370574
2019-09-03,10384.07,10783.0,10286.0,10617.61,11443.53849726965,10207.856607300742
2019-09-04,10617.72,10834.15,10378.7,10586.26,10088.72363009996,10424.561123555697
2019-09-05,10586.26,10664.13,10461.97,10573.66,4555.624634290002,10455.088857221297
2019-09-06,10573.04,10949.0,10204.18,10311.09,10701.509944220656,10487.494197650252
2019-09-07,10309.04,10580.0,10297.58,10484.39,3148.5089533599544,10309.569385734198
2019-09-08,10497.57,10594.88,10229.49,10400.18,3130.8610354800567,10438.486128662837
2019-09-09,10387.33,10542.93,10060.0,10307.45,6059.762743639945,10370.102823716461
2019-09-10,10317.62,10390.09,9910.0,10096.0,4658.92141056005,10290.710575436879
2019-09-11,10093.39,10243.01,9855.11,10154.46,4614.34849343004,10113.482022847671
2019-09-12,10163.81,10465.0,10027.52,10420.34,4719.046686420015,10136.927325385066
2019-09-13,10423.99,10458.13,10153.87,10368.65,3755.4174224400185,10329.497503301045
2019-09-14,10365.81,10441.47,10217.01,10355.37,2656.154530489993,10299.72956965413
2019-09-15,10362.52,10383.2,10258.49,10305.74,2297.722768779993,10297.224733274554
2019-09-16,10320.36,10378.07,10060.95,10269.98,5496.037493879997,10265.517924416326
2019-09-17,10257.2,10280.53,10130.59,10195.73,5078.598655760074,10238.212977694548
2019-09-18,10182.96,10263.65,10080.0,10152.09,3952.0068358700078,10177.206393438624
2019-09-19,10161.59,10380.07,9600.0,10271.53,7455.911411660102,10136.96412618794
2019-09-20,10284.72,10308.04,10055.0,10169.02,4463.382020690002,10223.935172751346
2019-09-21,10169.02,10180.43,9913.35,9985.28,4148.899814959993,10139.382352995912
2019-09-22,9973.0,10093.24,9842.35,10020.58,3213.954095700003,9993.562742515209
2019-09-23,10022.38,10048.06,9606.0,9682.19,5447.963132460061,10007.798278369584
2019-09-24,9685.69,9782.0,7998.0,8536.82,28154.413557259373,9732.865384220713
2019-09-25,8536.71,8746.83,8216.0,8432.16,17435.867891300324,8795.57442728613
2019-09-26,8443.44,8467.89,7733.99,8055.03,16662.320211519953,8633.529606164753
2019-09-27,8055.25,8294.04,7866.0,8187.72,10165.852936940168,8248.117999968195
2019-09-28,8199.96,8356.4,8009.84,8218.07,6315.489538940029,8273.748941176644
2019-09-29,8218.07,8244.07,7902.66,8047.6,5366.5707176999895,8251.135585948556
2019-09-30,8060.13,8368.5,7714.7,8298.45,9518.99210777022,8092.727594936282
2019-10-01,8304.47,8531.25,8195.42,8319.01,10224.591982530153,8282.382872615184
2019-10-02,8326.41,8393.39,8170.91,8373.42,4952.534115200013,8304.331631433452
2019-10-03,8377.68,8419.23,8029.14,8239.92,8701.12039607004,8362.124806636522
2019-10-04,8243.39,8244.93,7986.65,8152.07,6278.781419039995,8270.420432931704
2019-10-05,8157.89,8195.0,8016.26,8145.17,4445.104067869979,8202.237189754022
2019-10-06,8150.73,8176.46,7772.71,7854.12,6454.535726939986,8190.252915283149
2019-10-07,7863.75,8313.7,7763.54,8205.53,9363.327184590082,7945.87847732031
2019-10-08,8211.04,8344.12,8109.74,8178.54,3577.722873189981,8209.555723958998
2019-10-09,8185.85,8707.8,8110.0,8586.34,11634.1948462301,8186.381598170273
2019-10-10,8586.57,8666.84,8450.61,8582.11,7435.431990330012,8517.628339834147
2019-10-11,8589.08,8820.0,8222.88,8265.55,7824.587187520038,8541.97946240331
2019-10-12,8265.16,8427.76,8254.68,8303.43,1828.8331244699923,8312.692320245053
2019-10-13,8303.43,8474.48,8132.91,8282.96,4445.283813680023,8343.746171762727
2019-10-14,8278.39,8416.67,8215.41,8362.99,4294.607389200038,8324.187298133456
2019-10-15,8353.33,8420.85,8086.0,8155.13,5044.66127938009,8382.613633530545
2019-10-16,8162.45,8179.1,7912.66,7995.89,8644.400116460032,8213.503373583793
2019-10-17,7995.73,8130.71,7936.71,8073.32,5395.8859920600735,8071.567752289463
2019-10-18,8069.26,8120.77,7811.62,7955.08,5611.093537369959,8114.92709157662
2019-10-19,7950.48,8096.76,7875.0,7960.49,3461.1252920700067,8008.302908862404
2019-10-20,7965.39,8314.77,7874.68,8235.74,6358.924990720019,8000.802241125278
2019-10-21,8236.49,8352.0,8156.0,8213.65,4919.73416831003,8215.516892548636
2019-10-22,8206.53,8314.77,7989.15,8025.9,5678.934830590013,8208.294089041075
2019-10-23,8021.57,8052.04,7920.4,7995.47,1588.4170450000104,8067.236411449554
